 ,Uber Type,Origin Region,Destination Region,Origin Latitude,Origin Longitude,Destination Latitude,Destination Longitude,Journey Distance(m),Departure Date,Departure Time,Travel Time(s),Arrival Time,Fare$
ID3376768077,1,3,7,-37.810410499999996,144.98074540000002,-37.8618349,144.90571599999998,9342.0,2018-03-20,16:24:31,3152.34,17:17:03,24.5
ID3658029566,1,6,7,-37.7907967,144.985865,-37.8618349,144.90571599999998,11711.0,2018-01-06,11:04:38,3866.9400000000014,12:09:04,29.32
ID3511894555,1,3,8,-37.8285416,144.9863351,-37.8158343,145.04645,8387.0,2018-02-01,07:39:42,2365.6800000000007,8:19:07,15.46
ID5803650741,2,7,8,-37.8618349,144.90571599999998,-37.8158343,145.04645,15151.0,2018-03-13,23:56:10,4911.5999999999985,1:18:01,313.77
ID1530206797,0,8,2,-37.8158343,145.04645,-37.8214747,144.9444227,9609.0,2018-02-23,11:39:47,2757.78,12:25:44,6.62
ID5889918896,2,7,8,-37.8618349,144.90571599999998,-37.8158343,145.04645,15151.0,2018-07-17,01:05:57,4911.5999999999985,2:27:48,314.64
ID1153838517,0,6,2,-37.7907967,144.985865,-37.8178533,144.9461445,5612.0,2018-04-07,05:59:36,1520.4599999999996,6:24:56,17.11
ID1788960173,0,5,6,-37.808456400000004,144.93822169999999,-37.7907967,144.985865,6329.0,2018-02-15,22:25:40,1684.26,22:53:44,12.65
ID1221938466,0,1,3,-37.8093172,144.9340149,-37.8187585,144.98361699999998,5150.0,2018-06-18,08:53:36,1221.5400000000004,9:13:57,6.06
ID1262057852,0,8,7,-37.8158343,145.04645,-37.8618349,144.90571599999998,15151.0,2018-07-20,05:28:57,4917.479999999999,6:50:54,17.45
ID3598018819,1,8,7,-37.807202000000004,145.0266373,-37.8618349,144.90571599999998,13986.0,2018-02-11,05:04:39,4298.280000000002,6:16:17,42.99
ID1611998935,0,1,2,-37.8061313,144.9441981,-37.822191499999995,144.9476644,2160.0,2018-04-08,01:03:08,564.3600000000001,1:12:32,15.18
ID5218566671,2,6,2,-37.773845,144.9836895,-37.8147265,144.9457999,6245.0,2018-01-24,20:30:32,1372.14,20:53:24,99.72
ID3648916854,1,1,2,-37.8122054,144.9533103,-37.8156465,144.938578,1781.0,2018-01-13,05:11:24,408.36,5:18:12,22.08
ID3655618532,1,6,5,-37.7907967,144.985865,-37.8021441,144.9330592,6826.0,2018-02-10,23:10:07,1930.26,23:42:17,29.26
ID5355709338,2,8,9,-37.8158343,145.04645,-38.1109156,144.65417250000002,51032.0,2018-05-13,03:20:24,12681.059999999998,6:51:45,772.66
ID3532604153,1,6,9,-37.773845,144.9836895,-38.1109156,144.65417250000002,48197.0,2018-06-28,03:46:24,11519.399999999998,6:58:23,71.82
ID5970140535,2,7,3,-37.8618349,144.90571599999998,-37.824397,144.98854630000002,9196.0,2018-02-08,06:43:40,3029.88,7:34:09,187.67
ID1597899918,0,6,2,-37.7874325,144.9803767,-37.817153399999995,144.9342226,6277.0,2018-02-01,04:18:41,1608.8399999999995,4:45:29,11.57
ID3381194133,1,8,6,-37.807202000000004,145.0266373,-37.7874325,144.9803767,5793.0,2018-02-19,12:13:12,1493.5200000000002,12:38:05,16.64
ID3538036418,1,3,7,-37.8145518,145.00464409999998,-37.8618349,144.90571599999998,11375.0,2018-03-09,22:16:58,3595.800000000001,23:16:53,32.87
ID1896203688,0,8,5,-37.8158343,145.04645,-37.805207,144.93288909999998,10270.0,2018-02-06,23:30:04,2913.479999999998,0:18:37,17.48
ID3988655351,1,8,1,-37.8158343,145.04645,-37.8111271,144.9583094,7911.0,2018-03-09,22:39:54,2254.92,23:17:28,26.77
ID5704192098,2,1,6,-37.801083899999995,144.9530168,-37.7874325,144.9803767,3865.0,2018-03-08,16:53:25,975.7800000000003,17:09:40,77.25
ID1790617650,0,8,4,-37.807202000000004,145.0266373,-37.810453100000004,145.0037593,2686.0,2018-06-16,00:42:30,658.1400000000001,0:53:28,15.49
ID3260941370,1,2,7,-37.82449879999999,144.9526951,-37.8618349,144.90571599999998,8331.0,2018-04-25,17:12:12,2938.74,18:01:10,25.01
ID5746158786,2,9,2,-38.1109156,144.65417250000002,-37.820935,144.9433761,41593.0,2018-06-17,18:05:47,9976.139999999996,20:52:03,607.56
ID3528171040,1,4,6,-37.802175899999995,145.0079513,-37.7874421,144.9804091,4032.0,2018-03-28,13:16:21,1037.5800000000004,13:33:38,14.77
ID1430901507,0,2,6,-37.8255311,144.9516784,-37.7908183,144.9857929,5850.0,2018-02-11,10:24:46,1501.0800000000006,10:49:47,11.36
ID1141474310,0,8,2,-37.8158343,145.04645,-37.819022600000004,144.94677819999998,9379.0,2018-05-12,02:04:08,2589.540000000001,2:47:17,19.51
ID1134950130,0,7,1,-37.8618349,144.90571599999998,-37.8121733,144.938044,10348.0,2018-02-26,07:57:25,3384.659999999999,8:53:49,10.08
ID1441431189,0,6,7,-37.7738026,144.98364660000001,-37.8618349,144.90571599999998,16033.0,2018-02-02,22:07:15,5323.559999999999,23:35:58,19.15
ID3247452315,1,2,4,-37.8201966,144.9462139,-37.8158563,145.0132322,6571.0,2018-04-03,22:39:02,1608.1800000000012,23:05:50,24.53
ID1270612522,0,8,4,-37.8158343,145.04645,-37.8078416,145.01320890000002,3948.0,2018-02-07,14:02:21,1278.36,14:23:39,7.18
ID3572235045,1,3,7,-37.824103799999996,144.9905894,-37.8618349,144.90571599999998,9600.0,2018-04-03,09:23:14,3123.24,10:15:17,19.32
ID5894597085,2,3,6,-37.818866799999995,144.9979072,-37.7907967,144.985865,4290.0,2018-04-15,00:53:25,1166.52,1:12:51,104.83
ID1744888482,0,2,6,-37.8163392,144.9287765,-37.7874325,144.9803767,7616.0,2018-04-07,15:52:59,1917.8400000000008,16:24:56,12.99
ID3268000135,1,5,9,-37.805058100000004,144.9343681,-38.1109156,144.65417250000002,43364.0,2018-05-25,19:11:57,10362.48,22:04:39,60.34
ID5425025426,2,1,7,-37.8148091,144.9539615,-37.8618349,144.90571599999998,8678.0,2018-03-23,00:44:22,2988.42,1:34:10,200.18
ID3547189629,1,8,8,-37.810218400000004,145.009017,-37.807202000000004,145.0266373,2535.0,2018-03-05,00:21:15,601.26,0:31:16,19.27
ID1685869638,0,8,7,-37.8158343,145.04645,-37.8618349,144.90571599999998,15151.0,2018-05-08,16:33:30,4917.479999999999,17:55:27,17.16
ID5838855843,2,4,5,-37.804437899999996,144.9935677,-37.814973200000004,144.9273875,7593.0,2018-07-19,04:34:12,1931.6400000000021,5:06:23,140.14
ID5511498867,2,1,1,-37.809739799999996,144.9639217,-37.8077748,144.93329450000002,3352.0,2018-02-20,02:40:01,882.8400000000003,2:54:43,80.81
ID1749601085,0,2,8,-37.8132674,144.94369809999998,-37.8158343,145.04645,9346.0,2018-06-08,15:50:12,2617.140000000001,16:33:49,11.06
ID1448666176,0,9,5,-38.1109156,144.65417250000002,-37.808944200000006,144.92577340000003,43720.0,2018-06-17,02:14:20,10454.519999999997,5:08:34,34.0
ID3513123408,1,6,8,-37.7907967,144.985865,-37.8158343,145.04645,7470.0,2018-01-19,06:53:03,2302.38,7:31:25,15.88
ID3315624416,1,6,1,-37.7874325,144.9803767,-37.8116002,144.9426555,6656.0,2018-04-10,02:45:14,1582.1999999999996,3:11:36,24.56
ID3284493563,1,7,5,-37.8618349,144.90571599999998,-37.8065701,144.93098369999998,11044.0,2018-02-11,19:59:30,3530.1599999999994,20:58:20,31.4
ID3481539070,1,1,5,-37.8178951,144.9706741,-37.801840000000006,144.9287179,4865.0,2018-03-01,19:57:14,1269.84,20:18:23,15.64
ID5490072720,2,3,9,-37.817088399999996,144.98514169999999,-38.1109156,144.65417250000002,45432.0,2018-03-07,20:37:15,10979.52,23:40:14,656.8
ID3505757574,1,4,8,-37.8094529,145.016066,-37.807202000000004,145.0266373,1529.0,2018-01-17,02:48:28,362.22,2:54:30,16.36
ID1573144696,0,8,5,-37.807202000000004,145.0266373,-37.8129005,144.9298785,10052.0,2018-02-25,11:32:43,2547.479999999999,12:15:10,10.2
ID1361093020,0,5,7,-37.8080056,144.93626799999998,-37.8618349,144.90571599999998,10570.0,2018-06-10,07:26:22,3444.7200000000007,8:23:46,12.09
ID3736254106,1,9,2,-38.1109156,144.65417250000002,-37.808146799999996,144.9342466,43081.0,2018-04-16,01:42:34,10317.719999999996,4:34:31,64.08
ID1400024024,0,9,8,-38.1109156,144.65417250000002,-37.8158343,145.04645,51032.0,2018-05-06,14:05:11,12681.060000000005,17:36:32,32.52
ID3472295987,1,6,9,-37.7738026,144.98364660000001,-38.1109156,144.65417250000002,51061.0,2018-05-17,05:25:32,12976.499999999995,9:01:48,77.01
ID3482657643,1,4,1,-37.8080174,144.9955836,-37.8020328,144.94463249999998,4727.0,2018-03-19,11:01:58,1153.6200000000003,11:21:11,10.98
ID1401132773,0,3,1,-37.8220125,144.96947649999998,-37.8248322,144.94941790000001,2187.0,2018-04-25,10:01:34,589.9200000000002,10:11:23,4.22
ID3431173413,1,8,4,-37.807202000000004,145.0266373,-37.816798999999996,145.0096011,2776.0,2018-01-11,12:50:44,642.5400000000002,13:01:26,10.75
ID1671369240,0,1,5,-37.8077755,144.9658913,-37.8111596,144.9295583,4315.0,2018-07-11,09:01:36,1091.2800000000002,9:19:47,5.35
ID3790250560,1,2,9,-37.821655799999995,144.9350325,-38.1109156,144.65417250000002,43317.0,2018-05-18,13:00:32,10413.839999999998,15:54:05,60.66
ID3371925618,1,6,1,-37.7874421,144.9804091,-37.8025576,144.9766602,1793.0,2018-03-21,09:18:25,445.02,9:25:50,6.32
ID3880525378,1,3,5,-37.8121328,144.978011,-37.8006466,144.9357718,6841.0,2018-07-10,00:37:53,1676.1600000000005,1:05:49,25.47
ID5325118496,2,6,2,-37.7874421,144.9804091,-37.8177809,144.93177839999998,6606.0,2018-01-23,13:13:15,1730.2200000000007,13:42:05,120.99
ID3813884630,1,7,3,-37.8618349,144.90571599999998,-37.811485100000006,144.9914235,10198.0,2018-05-05,23:28:55,3405.8999999999983,0:25:40,35.54
ID1647730195,0,4,3,-37.80255820000001,144.9930549,-37.8258886,144.9843952,3009.0,2018-02-01,06:29:03,761.8800000000001,6:41:44,5.59
ID1135420293,0,6,3,-37.7874325,144.9803767,-37.819034,144.9847274,3933.0,2018-03-09,15:44:30,987.9600000000003,16:00:57,8.39
ID1573831025,0,7,3,-37.8618349,144.90571599999998,-37.824382299999996,144.9903858,9399.0,2018-03-05,19:29:36,3090.3,20:21:06,11.98
ID1822451271,0,9,4,-38.1109156,144.65417250000002,-37.805100200000005,145.0150051,48746.0,2018-03-18,13:49:27,11915.7,17:08:02,29.59
ID3733275564,1,9,3,-38.1109156,144.65417250000002,-37.8249664,144.9761917,44965.0,2018-06-21,21:29:07,10938.239999999996,0:31:25,67.39
ID3479544688,1,7,3,-37.8618349,144.90571599999998,-37.8200266,144.97068069999997,7801.0,2018-04-23,13:35:17,2702.519999999999,14:20:19,23.57
ID5583604422,2,4,9,-37.8021938,145.01567690000002,-38.1109156,144.65417250000002,49550.0,2018-07-24,13:17:36,12063.839999999998,16:38:39,718.12
ID3566236024,1,9,7,-38.1109156,144.65417250000002,-37.8618349,144.90571599999998,50797.0,2018-02-28,13:58:21,13204.979999999996,17:38:25,73.64
ID3915236113,1,9,8,-38.1109156,144.65417250000002,-37.807202000000004,145.0266373,49777.0,2018-03-03,05:06:20,12099.660000000005,8:27:59,78.44
ID1609142852,0,3,9,-37.8113222,145.0005072,-38.1109156,144.65417250000002,46908.0,2018-02-05,22:22:54,11231.759999999998,1:30:05,30.49
ID3211167074,1,1,3,-37.81400429999999,144.94429240000002,-37.818696,144.9829558,4056.0,2018-07-18,07:43:49,976.9800000000004,8:00:05,8.94
ID1243881563,0,6,3,-37.7907967,144.985865,-37.8250125,144.9706893,4830.0,2018-06-21,20:41:37,1383.5400000000009,21:04:40,8.64
ID1850066043,0,1,9,-37.804982,144.9365972,-38.1109156,144.65417250000002,43369.0,2018-06-11,23:14:43,10396.679999999997,2:07:59,26.8
ID1174914849,0,6,2,-37.7907967,144.985865,-37.8163438,144.94261980000002,5836.0,2018-03-15,15:00:38,1640.6400000000006,15:27:58,8.05
ID5679021410,2,7,9,-37.8618349,144.90571599999998,-38.1109156,144.65417250000002,50797.0,2018-07-23,10:17:45,13173.36,13:57:18,777.08
ID1852946295,0,5,7,-37.800530200000004,144.934364,-37.8618349,144.90571599999998,13731.0,2018-07-12,21:50:42,4289.700000000002,23:02:11,16.4
ID3911165400,1,5,1,-37.805294200000006,144.92855580000003,-37.8018402,144.9608092,3498.0,2018-07-25,17:28:57,974.76,17:45:11,15.1
ID1203622127,0,3,6,-37.8120939,144.9738315,-37.7907967,144.985865,3072.0,2018-01-02,03:56:40,890.0999999999998,4:11:30,12.7
ID1210367360,0,2,3,-37.820727399999996,144.9485635,-37.8216064,144.97794580000001,3054.0,2018-06-10,06:36:46,751.8599999999999,6:49:17,9.71
ID1454409488,0,6,4,-37.773845,144.9836895,-37.812425299999994,144.9987884,6685.0,2018-01-08,17:01:44,1476.4800000000007,17:26:20,9.08
ID5452258952,2,8,3,-37.8158343,145.04645,-37.8178416,145.00778880000001,4068.0,2018-05-24,23:19:47,1310.8800000000006,23:41:37,105.35
ID1631658589,0,2,4,-37.8257446,144.9400985,-37.797130100000004,145.00939019999998,8535.0,2018-06-10,21:07:09,2241.5400000000004,21:44:30,18.05
ID3794094950,1,4,8,-37.8019687,144.9973519,-37.8158343,145.04645,5264.0,2018-01-13,14:31:36,1627.86,14:58:43,23.2
ID1192157473,0,1,4,-37.811661799999996,144.96547030000002,-37.8111429,145.0029111,3491.0,2018-02-09,13:47:15,820.26,14:00:55,7.38
ID3797169097,1,5,3,-37.806766100000004,144.9322936,-37.8164058,144.9839794,5421.0,2018-03-18,22:15:52,1369.32,22:38:41,26.84
ID1258767433,0,3,6,-37.818749,144.98382619999998,-37.773845,144.9836895,6142.0,2018-01-03,04:24:50,1305.2400000000002,4:46:35,12.56
ID5982190944,2,3,4,-37.811673799999994,144.98284019999997,-37.8113705,145.0087543,2479.0,2018-04-15,20:05:51,596.34,20:15:47,63.46
ID5887907297,2,8,1,-37.8158343,145.04645,-37.821239,144.9614195,8195.0,2018-05-05,07:52:06,2395.439999999999,8:32:01,160.11
ID1118968441,0,7,1,-37.8618349,144.90571599999998,-37.8145284,144.9659573,8077.0,2018-07-05,20:36:57,2795.759999999999,21:23:32,10.07
ID3199309012,1,9,8,-38.1109156,144.65417250000002,-37.8158343,145.04645,51032.0,2018-06-18,00:10:17,12681.060000000005,3:41:38,76.82
ID1129459472,0,5,3,-37.8165285,144.9282096,-37.8178223,145.0034301,8145.0,2018-03-26,20:35:30,1961.2800000000007,21:08:11,9.26
ID1426967599,0,9,4,-38.1109156,144.65417250000002,-37.812430400000004,145.01586650000002,50038.0,2018-05-13,11:47:55,12105.720000000005,15:09:40,28.23
ID3934969904,1,1,3,-37.80713660000001,144.9565054,-37.823277000000004,144.9700222,2606.0,2018-07-13,06:15:15,627.7200000000001,6:25:54,7.64
ID1897678561,0,1,7,-37.815313399999994,144.95963600000002,-37.8618349,144.90571599999998,8268.0,2018-03-08,22:32:00,2853.66,23:19:33,13.51
ID1778821646,0,6,4,-37.7874421,144.9804091,-37.7999953,145.0149822,4981.0,2018-06-10,03:33:02,1292.46,3:54:34,16.31
ID1530402414,0,2,5,-37.8128581,144.9357274,-37.805919,144.9392258,2012.0,2018-05-12,22:28:14,448.80000000000007,22:35:42,16.41
ID1822013444,0,8,7,-37.807202000000004,145.0266373,-37.8618349,144.90571599999998,13986.0,2018-02-27,06:59:27,4298.280000000002,8:11:05,9.73
ID3783086449,1,6,3,-37.7738026,144.98364660000001,-37.8154546,144.9774748,8099.0,2018-07-03,08:55:39,2537.519999999999,9:37:56,16.47
ID1262942043,0,7,3,-37.8618349,144.90571599999998,-37.817887899999995,144.9706971,7989.0,2018-07-04,14:25:28,2749.0199999999986,15:11:17,11.56
ID3406655595,1,1,7,-37.8059473,144.9559905,-37.8618349,144.90571599999998,9278.0,2018-02-08,14:40:44,3091.74,15:32:15,24.87
ID1710491375,0,7,2,-37.8618349,144.90571599999998,-37.8199083,144.94689340000002,9129.0,2018-07-10,17:49:50,3096.839999999999,18:41:26,11.74
ID1176325045,0,7,5,-37.8618349,144.90571599999998,-37.8088806,144.92529330000002,11503.0,2018-01-10,05:07:34,3642.119999999998,6:08:16,17.52
ID3444574845,1,5,2,-37.8036999,144.93220300000002,-37.818014399999996,144.9470579,2379.0,2018-02-12,06:14:21,613.86,6:24:34,8.58
ID1832148510,0,9,2,-38.1109156,144.65417250000002,-37.811865999999995,144.9368934,42709.0,2018-07-15,13:19:40,10233.839999999997,16:10:13,30.73
ID1796060061,0,8,2,-37.8158343,145.04645,-37.8250564,144.9461365,9725.0,2018-04-07,17:57:38,2827.139999999999,18:44:45,14.47
ID1427578312,0,8,7,-37.807202000000004,145.0266373,-37.8618349,144.90571599999998,13986.0,2018-07-06,18:53:35,4298.280000000001,20:05:13,13.27
ID3931578110,1,9,6,-38.1109156,144.65417250000002,-37.7874325,144.9803767,47033.0,2018-07-11,03:43:16,11355.660000000005,6:52:31,71.34
ID1435572329,0,9,5,-38.1109156,144.65417250000002,-37.8098909,144.9357328,42832.0,2018-02-02,16:58:23,10260.059999999998,19:49:23,23.96
ID3491544440,1,8,1,-37.8158343,145.04645,-37.8100277,144.95852309999998,7951.0,2018-05-11,02:48:04,2298.1799999999994,3:26:22,27.76
ID1935765963,0,3,8,-37.8207651,144.966875,-37.807202000000004,145.0266373,6760.0,2018-05-21,07:33:48,1741.7400000000007,8:02:49,5.56
ID1112576021,0,9,4,-38.1109156,144.65417250000002,-37.8162029,145.01022350000002,47850.0,2018-01-08,13:54:41,11514.119999999999,17:06:31,28.68
ID3566705853,1,6,2,-37.773845,144.9836895,-37.8136729,144.9410854,6651.0,2018-02-08,07:01:21,1427.6399999999994,7:25:08,11.67
ID3143812519,1,3,7,-37.8208441,144.98838600000002,-37.8618349,144.90571599999998,9469.0,2018-02-15,21:06:51,3092.46,21:58:26,30.56
ID1730235694,0,4,3,-37.8023916,144.99815780000003,-37.826040500000005,144.983526,3524.0,2018-07-15,13:27:43,917.46,13:43:00,11.89
ID5897628902,2,6,4,-37.7738026,144.98364660000001,-37.8085721,145.0042747,9859.0,2018-03-10,06:06:13,3027.9600000000005,6:56:40,196.17
ID1400249249,0,3,4,-37.8234082,144.9814655,-37.8132144,145.0141962,4251.0,2018-01-07,22:21:13,1080.4800000000007,22:39:13,16.16
ID3535486878,1,2,8,-37.8102905,144.9394264,-37.8158343,145.04645,9811.0,2018-04-26,17:18:03,2760.96,18:04:03,24.7
ID3255263730,1,3,6,-37.823242,144.9881207,-37.7874421,144.9804091,4660.0,2018-06-11,08:29:29,1184.9399999999996,10:47:15,10.91
ID1346372107,0,6,1,-37.7738026,144.98364660000001,-37.8180537,144.9669245,8409.0,2018-01-27,15:43:39,2682.1800000000007,20:31:46,13.85
ID3260746739,1,7,2,-37.8618349,144.90571599999998,-37.824448700000005,144.9471944,8827.0,2018-06-08,12:28:50,3106.6799999999994,18:35:33,25.12
ID3961334134,1,7,8,-37.8618349,144.90571599999998,-37.8158343,145.04645,15151.0,2018-07-26,11:32:54,4911.5999999999985,12:54:45,27.94
ID1892545607,0,1,9,-37.8132486,144.9371562,-38.1109156,144.65417250000002,42780.0,2018-01-02,17:08:24,10251.42,23:30:39,25.82
ID1844430443,0,2,9,-37.8247958,144.94570339999999,-38.1109156,144.65417250000002,42308.0,2018-02-01,20:39:21,10188.179999999997,23:29:09,25.54
ID3803881175,1,9,8,-38.1109156,144.65417250000002,-37.8158343,145.04645,51032.0,2018-03-20,06:12:01,12681.060000000005,11:20:16,67.12
ID3961091438,1,2,5,-37.8142638,144.9473164,-37.8062519,144.93380269999997,1841.0,2018-07-13,07:05:28,482.94,7:41:56,6.95
ID1862772312,0,2,6,-37.8134207,144.9358374,-37.773845,144.9836895,7319.0,2018-02-13,15:13:26,1619.2800000000002,18:25:33,10.59
ID1851963594,0,9,2,-38.1109156,144.65417250000002,-37.8198915,144.94697150000002,41748.0,2018-07-25,15:13:54,10038.54,18:01:12,25.15
ID1584717453,0,9,1,-38.1109156,144.65417250000002,-37.8018385,144.96338369999998,44428.0,2018-05-04,14:00:36,10740.240000000003,16:59:36,26.32
ID5511103789,2,7,3,-37.8618349,144.90571599999998,-37.825523600000004,144.9886093,9296.0,2018-04-10,08:00:30,3061.3799999999987,10:01:04,191.69
ID3552149644,1,6,9,-37.7908183,144.9857929,-38.1109156,144.65417250000002,47186.0,2018-07-13,16:13:50,11418.06,19:24:08,64.89
ID3273069239,1,6,5,-37.7738026,144.98364660000001,-37.8058115,144.93817019999997,9828.0,2018-06-12,17:31:24,2989.080000000001,18:21:13,23.73
ID5459656979,2,1,2,-37.81133079999999,144.96929340000003,-37.8214382,144.9456191,2686.0,2018-02-07,18:34:59,655.3799999999998,18:45:54,58.17
ID3585807836,1,3,9,-37.8158223,144.9927827,-38.1109156,144.65417250000002,46250.0,2018-04-11,16:03:01,11185.74,19:09:26,64.3
ID3909839277,1,7,5,-37.8618349,144.90571599999998,-37.8062874,144.9328554,10997.0,2018-01-10,11:24:03,3516.1199999999994,12:22:39,19.66
ID1696508207,0,7,3,-37.8618349,144.90571599999998,-37.82419470000001,144.98338,8920.0,2018-05-02,03:27:14,2974.2599999999993,4:16:48,15.39
ID3639278211,1,1,5,-37.814319899999994,144.9762224,-37.8030387,144.92972690000002,4805.0,2018-05-20,23:57:38,1237.38,0:18:15,27.21
ID3396612084,1,1,9,-37.8063029,144.9446582,-38.1109156,144.65417250000002,43079.0,2018-01-18,15:08:52,10335.3,18:01:07,59.98
ID1800992621,0,3,5,-37.813381,144.97386930000002,-37.814960799999994,144.92755280000003,5695.0,2018-03-25,17:13:37,1429.4400000000012,17:37:26,12.17
ID1949122884,0,7,2,-37.8618349,144.90571599999998,-37.824378700000004,144.9442891,9097.0,2018-04-03,01:48:34,3177.24,2:41:31,15.43
ID3923733778,1,4,6,-37.802871,145.01663330000002,-37.7874421,144.9804091,5357.0,2018-04-12,19:52:23,1404.0600000000006,20:15:47,17.64
ID5987575285,2,3,6,-37.8142266,144.9729692,-37.7874325,144.9803767,3174.0,2018-03-03,13:02:04,774.0600000000003,13:14:58,71.29
ID5560390667,2,4,9,-37.7985859,145.0066298,-38.1109156,144.65417250000002,48433.0,2018-02-13,13:25:24,11776.02,16:41:40,704.2
ID1919103393,0,7,4,-37.8618349,144.90571599999998,-37.815090600000005,145.0060096,11457.0,2018-02-20,10:32:32,3621.72,11:32:53,10.44
ID3420214082,1,5,1,-37.8008942,144.910992,-37.8144836,144.9619659,5248.0,2018-07-07,22:46:43,1283.82,23:08:06,27.26
ID3239935689,1,7,1,-37.8618349,144.90571599999998,-37.8187456,144.9534724,8501.0,2018-04-06,17:21:26,2920.679999999998,18:10:06,24.99
ID1871604029,0,5,1,-37.810699799999995,144.9283886,-37.8006883,144.9608807,3854.0,2018-05-14,17:12:53,926.34,17:28:19,7.44
ID1572839082,0,6,9,-37.773845,144.9836895,-38.1109156,144.65417250000002,48197.0,2018-03-17,03:36:07,11519.399999999998,6:48:06,35.38
ID5940613291,2,7,5,-37.8618349,144.90571599999998,-37.7986898,144.91997859999998,12313.0,2018-04-12,21:52:34,3884.9999999999986,22:57:19,254.09
ID1191921518,0,2,9,-37.823875799999996,144.9350031,-38.1109156,144.65417250000002,43373.0,2018-02-19,09:42:01,10479.72,12:36:40,22.86
ID3676249877,1,9,3,-38.1109156,144.65417250000002,-37.8109126,144.9904296,45987.0,2018-03-21,02:49:58,10992.18,5:53:10,70.51
ID3666572228,1,3,8,-37.817108600000005,144.9853634,-37.807202000000004,145.0266373,4935.0,2018-06-18,11:33:35,1233.9,11:54:08,8.19
ID1374482462,0,8,5,-37.8158343,145.04645,-37.8037477,144.9307499,10499.0,2018-05-14,06:55:46,2942.3399999999983,7:44:48,7.8
ID5669366576,2,4,7,-37.8089249,145.0088358,-37.8618349,144.90571599999998,12067.0,2018-07-23,14:03:46,3824.280000000001,15:07:30,243.44
ID3116746463,1,2,4,-37.8161912,144.9459981,-37.811881,145.01204769999998,6179.0,2018-04-17,07:19:59,1561.32,7:46:00,11.16
ID3311089295,1,3,4,-37.812896200000004,144.9733495,-37.803444,145.0109935,4325.0,2018-07-04,11:51:40,1133.76,12:10:33,10.05
ID5754488068,2,1,4,-37.821442100000006,144.9638368,-37.8046753,144.99815,4371.0,2018-06-13,14:08:44,1142.3400000000008,14:27:46,86.54
ID1447736538,0,5,9,-37.804832299999994,144.9327615,-38.1109156,144.65417250000002,43591.0,2018-05-05,12:37:02,10448.28,15:31:10,30.06
ID1459830060,0,3,6,-37.819883600000004,144.9853014,-37.7874325,144.9803767,4056.0,2018-01-06,00:23:25,1024.02,0:40:29,14.06
ID3581021470,1,6,5,-37.773845,144.9836895,-37.8051653,144.9366579,6851.0,2018-06-02,18:56:09,1509.5999999999995,19:21:18,21.95
ID5600626915,2,9,2,-38.1109156,144.65417250000002,-37.816818100000006,144.9318271,43261.0,2018-03-10,04:57:20,10382.52,7:50:22,637.57
ID1699402252,0,2,9,-37.8239393,144.93065380000002,-38.1109156,144.65417250000002,43777.0,2018-07-24,10:02:18,10587.0,12:58:45,23.38
ID3435557371,1,5,6,-37.8093814,144.9317534,-37.773845,144.9836895,7490.0,2018-04-22,19:05:00,1630.7400000000002,19:32:10,23.11
ID3720279889,1,6,7,-37.7874325,144.9803767,-37.8618349,144.90571599999998,11633.0,2018-07-07,00:02:37,3663.780000000001,1:03:40,35.76
ID3639418242,1,3,7,-37.81609470000001,145.0013127,-37.8618349,144.90571599999998,10902.0,2018-02-22,13:48:48,3468.9600000000005,14:46:36,26.41
ID3583712514,1,1,8,-37.80311470000001,144.9496683,-37.8158343,145.04645,8722.0,2018-04-09,00:05:13,2396.640000000001,0:45:09,26.28
ID1126197642,0,6,2,-37.7908183,144.9857929,-37.8216313,144.9440358,6157.0,2018-04-26,17:38:29,1463.64,18:02:52,8.0
ID3154994550,1,1,8,-37.8088956,144.9608977,-37.8158343,145.04645,7754.0,2018-01-02,23:50:47,2237.58,0:28:04,25.96
ID5718109723,2,4,3,-37.8019687,144.9973519,-37.811754799999996,145.00043190000002,1357.0,2018-05-02,22:08:40,329.52,22:14:09,47.79
ID1267692461,0,7,2,-37.8618349,144.90571599999998,-37.8146066,144.94773569999998,9319.0,2018-03-18,06:33:47,3135.8999999999987,7:26:02,11.87
ID1300535723,0,1,2,-37.8157201,144.9505242,-37.823875799999996,144.9350031,3837.0,2018-05-02,08:06:23,999.42,8:23:02,3.78
ID3941499948,1,4,8,-37.8121831,145.01316169999998,-37.8158343,145.04645,3575.0,2018-07-12,01:31:06,1176.9,1:50:42,21.02
ID3550393961,1,1,5,-37.8125195,144.9483651,-37.8098999,144.9358427,2386.0,2018-04-23,08:59:58,657.48,9:10:55,6.46
ID3788658925,1,1,5,-37.820039799999996,144.958327,-37.805408299999996,144.9346526,2970.0,2018-04-18,17:05:59,762.42,17:18:41,13.36
ID3576806595,1,4,6,-37.812571399999996,145.01252209999998,-37.7738026,144.98364660000001,10726.0,2018-07-07,19:12:45,3167.76,20:05:32,28.41
ID1524154904,0,2,6,-37.824418200000004,144.94836899999999,-37.773845,144.9836895,7232.0,2018-03-03,21:17:14,1588.7400000000002,21:43:42,14.82
ID3815738318,1,4,9,-37.8169167,145.00879730000003,-38.1109156,144.65417250000002,47674.0,2018-01-12,04:08:12,11455.08,7:19:07,71.28
ID1375376428,0,7,4,-37.8618349,144.90571599999998,-37.811916,145.0133659,12209.0,2018-06-16,16:02:54,3872.2799999999984,17:07:26,17.44
ID1395595637,0,5,6,-37.816731700000005,144.92745269999998,-37.773845,144.9836895,8606.0,2018-07-13,20:22:16,1938.84,20:54:34,8.71
ID3805206589,1,5,4,-37.814825899999995,144.9270956,-37.8034291,145.0029696,8501.0,2018-07-19,08:46:59,2190.6,9:23:29,15.89
ID1658243028,0,8,3,-37.8158343,145.04645,-37.8202758,144.97896210000002,7166.0,2018-04-13,14:09:57,2123.5799999999995,14:45:20,9.35
ID5951160101,2,2,3,-37.82127929999999,144.94634119999998,-37.8146852,144.98019219999998,3274.0,2018-06-02,07:12:38,722.5800000000003,7:24:40,61.18
ID3899407678,1,4,6,-37.799988799999994,144.9923328,-37.7738026,144.98364660000001,8304.0,2018-03-04,04:45:30,2627.5200000000004,5:29:17,33.01
ID3506891245,1,7,9,-37.8618349,144.90571599999998,-38.1109156,144.65417250000002,50797.0,2018-02-25,14:18:44,13173.36,17:58:17,78.99
ID1167796885,0,3,2,-37.8196042,144.9902635,-37.8200831,144.9453992,4417.0,2018-01-12,01:37:38,1037.2800000000002,1:54:55,11.15
ID3988632604,1,7,9,-37.8618349,144.90571599999998,-38.1109156,144.65417250000002,50797.0,2018-01-20,21:59:32,13173.36,1:39:05,83.6
ID1889251118,0,6,3,-37.7874421,144.9804091,-37.823342100000005,144.97049109999998,4551.0,2018-04-27,03:55:58,1196.4000000000008,4:15:54,11.7
ID3118202700,1,4,3,-37.8024037,144.99500940000001,-37.8244833,144.97998930000003,3568.0,2018-04-18,06:55:20,868.5,7:09:48,8.82
ID1526493302,0,2,1,-37.8169557,144.9274136,-37.8201555,144.948499,2983.0,2018-01-23,00:39:02,711.0600000000002,0:50:53,11.46
ID1134003189,0,8,3,-37.807202000000004,145.0266373,-37.8213394,144.9927983,4729.0,2018-02-28,18:46:58,1145.8200000000004,19:06:03,7.01
ID1590403581,0,8,7,-37.8158343,145.04645,-37.8618349,144.90571599999998,15151.0,2018-01-10,05:13:24,4917.479999999999,6:35:21,18.75
ID3983882202,1,2,1,-37.8099179,144.93604119999998,-37.802864299999996,144.94809840000002,1888.0,2018-04-08,07:38:52,499.02,7:47:11,10.98
ID3144735273,1,8,6,-37.807202000000004,145.0266373,-37.7907967,144.985865,4834.0,2018-04-08,17:10:04,1358.6400000000006,17:32:42,19.47
ID3390996122,1,1,5,-37.8093554,144.9744788,-37.802587,144.9349985,4568.0,2018-04-28,04:03:28,1096.4400000000003,4:21:44,25.93
ID5975150261,2,9,4,-38.1109156,144.65417250000002,-37.81436179999999,145.0140941,48512.0,2018-03-06,05:57:28,11718.3,9:12:46,708.22
ID3766925026,1,6,7,-37.7907967,144.985865,-37.8618349,144.90571599999998,11711.0,2018-04-08,18:33:51,3866.9400000000014,19:38:17,34.39
ID3947406166,1,6,9,-37.7874421,144.9804091,-38.1109156,144.65417250000002,47035.0,2018-05-10,22:27:01,11407.86,1:37:08,70.7
ID1567052355,0,6,7,-37.7907967,144.985865,-37.8618349,144.90571599999998,11711.0,2018-04-21,01:49:10,3866.9400000000014,2:53:36,20.19
ID5461397497,2,7,4,-37.8618349,144.90571599999998,-37.8132571,145.0145371,12544.0,2018-03-08,15:47:29,3927.599999999999,16:52:56,248.59
ID3784832092,1,5,9,-37.8122845,144.92321819999998,-38.1109156,144.65417250000002,44148.0,2018-07-01,20:39:25,10602.72,23:36:07,65.59
ID1859652880,0,9,7,-38.1109156,144.65417250000002,-37.8618349,144.90571599999998,50797.0,2018-05-20,07:22:06,13204.979999999996,11:02:10,31.24
ID1327188036,0,5,7,-37.8066267,144.9323806,-37.8618349,144.90571599999998,10984.0,2018-06-21,20:50:09,3511.620000000001,21:48:40,11.52
ID1649299201,0,4,2,-37.8049059,144.99376759999998,-37.819725299999995,144.9514006,4911.0,2018-04-24,03:18:19,1190.1000000000004,3:38:09,10.84
ID5680586367,2,5,7,-37.799722499999994,144.93749540000002,-37.8618349,144.90571599999998,13902.0,2018-01-08,15:39:21,4316.760000000001,16:51:17,270.84
ID1722344993,0,7,8,-37.8618349,144.90571599999998,-37.8158343,145.04645,15151.0,2018-05-27,05:29:55,4911.5999999999985,6:51:46,23.65
ID3169566408,1,2,7,-37.820986600000005,144.9427727,-37.8618349,144.90571599999998,9369.0,2018-07-13,00:29:05,3234.6,1:22:59,31.86
ID1509795797,0,8,7,-37.807202000000004,145.0266373,-37.8618349,144.90571599999998,13986.0,2018-02-20,12:09:20,4298.280000000002,13:20:58,13.71
ID3905008249,1,5,1,-37.800589200000005,144.93735569999998,-37.8148411,144.96479240000002,4380.0,2018-02-15,15:40:13,1079.1,15:58:12,17.0
ID5268509596,2,5,4,-37.8163702,144.9286073,-37.8132144,145.0141962,8894.0,2018-02-10,16:33:44,2256.0600000000004,17:11:20,158.62
ID3325242059,1,3,5,-37.8193861,145.0073063,-37.8044722,144.92560830000002,8041.0,2018-06-08,09:18:05,2104.44,9:53:09,13.84
ID5161684583,2,5,7,-37.8045032,144.9285612,-37.8618349,144.90571599999998,11363.0,2018-01-18,03:20:33,3635.9400000000014,4:21:08,239.13
ID3745353297,1,3,5,-37.81319129999999,144.9902056,-37.8005276,144.92644669999999,8179.0,2018-07-15,18:38:00,2073.9000000000005,19:12:33,26.35
ID3983803231,1,6,9,-37.773845,144.9836895,-38.1109156,144.65417250000002,48197.0,2018-07-26,15:06:48,11519.399999999998,18:18:47,66.14
ID1672204581,0,2,5,-37.816982700000004,144.9317622,-37.8099614,144.9360533,1497.0,2018-04-06,07:23:23,354.11999999999995,7:29:17,4.61
ID1648512329,0,5,8,-37.80616320000001,144.9347763,-37.8158343,145.04645,10136.0,2018-05-06,09:49:26,2860.74,10:37:06,11.54
ID3115788627,1,2,1,-37.8091018,144.9293206,-37.8186212,144.9653171,3940.0,2018-07-26,15:30:44,1022.3400000000007,15:47:46,13.88
ID1768884188,0,3,4,-37.820609399999995,144.96686830000002,-37.8000263,145.01412119999998,5817.0,2018-06-18,04:28:34,1559.1600000000005,4:54:33,11.95
ID3574076773,1,4,5,-37.801750899999995,144.9950977,-37.805058100000004,144.9343681,6594.0,2018-01-18,13:58:45,1691.6999999999994,14:26:56,19.08
ID3679376137,1,2,6,-37.8129773,144.9366979,-37.7874325,144.9803767,5990.0,2018-02-07,16:14:31,1527.2400000000007,16:39:58,18.43
ID3634356293,1,8,9,-37.8158343,145.04645,-38.1109156,144.65417250000002,51032.0,2018-04-09,17:22:03,12681.059999999998,20:53:24,73.54
ID1831751103,0,7,6,-37.8618349,144.90571599999998,-37.7738026,144.98364660000001,16033.0,2018-05-11,05:56:57,5320.6799999999985,7:25:37,19.88
ID1609425303,0,5,2,-37.8084848,144.925964,-37.813342600000006,144.9446125,1797.0,2018-01-12,19:19:00,508.62,19:27:28,8.05
ID1273959381,0,7,5,-37.8618349,144.90571599999998,-37.8062019,144.9397764,10366.0,2018-06-22,15:38:09,3359.5799999999986,16:34:08,11.62
ID3535340156,1,7,9,-37.8618349,144.90571599999998,-38.1109156,144.65417250000002,50797.0,2018-05-14,04:45:13,13173.36,8:24:46,80.97
ID5480197870,2,9,3,-38.1109156,144.65417250000002,-37.812504700000005,144.9884447,45876.0,2018-02-13,19:05:30,11045.94,22:09:35,662.77
ID5267572927,2,9,2,-38.1109156,144.65417250000002,-37.817873,144.9486698,41914.0,2018-06-19,16:31:37,10066.44,19:19:23,604.87
ID3635909879,1,2,3,-37.817969500000004,144.9485795,-37.8231665,144.97614109999998,2965.0,2018-05-20,08:53:20,746.22,9:05:46,14.21
ID1433297028,0,5,2,-37.8102036,144.9370154,-37.8139548,144.92983999999998,1390.0,2018-04-30,13:04:25,388.08,13:10:53,7.56
ID1231023649,0,1,7,-37.8083294,144.9555699,-37.8618349,144.90571599999998,9049.0,2018-02-28,20:23:27,3060.36,21:14:27,11.51
ID1980831286,0,9,5,-38.1109156,144.65417250000002,-37.8152655,144.9277894,44325.0,2018-04-05,08:44:08,10656.719999999998,11:41:44,24.79
ID1703466756,0,7,5,-37.8618349,144.90571599999998,-37.8115739,144.92991130000001,11904.0,2018-05-24,22:29:19,3790.919999999997,23:32:29,15.66
ID5948343411,2,2,5,-37.8115739,144.92991130000001,-37.813219700000005,144.9334721,1797.0,2018-06-01,06:07:22,429.48,6:14:31,37.98
ID3497452517,1,9,4,-38.1109156,144.65417250000002,-37.8055058,144.99788600000002,47039.0,2018-02-28,14:32:17,11415.54,17:42:32,65.93
ID1170387970,0,4,7,-37.8141184,145.00928100000002,-37.8618349,144.90571599999998,11869.0,2018-07-17,15:14:17,3714.18,16:16:11,12.74
ID1962440417,0,5,3,-37.804403799999996,144.9289851,-37.8159141,144.97224930000002,4713.0,2018-06-30,13:09:54,1205.7600000000007,13:29:59,13.92
ID3617110930,1,7,2,-37.8618349,144.90571599999998,-37.8210134,144.9472586,9006.0,2018-02-03,03:58:42,3050.099999999999,4:49:32,33.86
ID1607783961,0,5,1,-37.7995098,144.93537769999998,-37.815349600000005,144.9721728,6553.0,2018-02-28,17:45:44,1606.5600000000013,18:12:30,8.94
ID1753248718,0,7,6,-37.8618349,144.90571599999998,-37.7874325,144.9803767,11633.0,2018-02-11,05:42:59,3645.2999999999984,6:43:44,21.55
ID1893812364,0,6,9,-37.7874325,144.9803767,-38.1109156,144.65417250000002,47033.0,2018-05-15,22:47:54,11350.5,1:57:04,31.12
ID1957027819,0,3,7,-37.8230547,145.00036630000002,-37.8618349,144.90571599999998,10455.0,2018-02-28,22:49:32,3312.6,23:44:44,14.73
ID3566583573,1,1,7,-37.799787,144.9621041,-37.8618349,144.90571599999998,9805.0,2018-04-30,07:17:22,3240.360000000001,8:11:22,22.28
ID1330225891,0,7,3,-37.8618349,144.90571599999998,-37.811349799999995,144.97602519999998,8978.0,2018-06-30,19:45:16,3004.8599999999988,20:35:20,12.89
ID3117627280,1,5,9,-37.8052062,144.933888,-38.1109156,144.65417250000002,43483.0,2018-04-30,01:49:40,10422.36,4:43:22,70.62
ID3441234739,1,5,9,-37.8050035,144.9252622,-38.1109156,144.65417250000002,44019.0,2018-02-28,15:57:28,10553.7,18:53:21,61.92
ID1129685170,0,4,8,-37.8000781,145.01048909999997,-37.8158343,145.04645,4628.0,2018-01-20,01:22:15,1465.44,1:46:40,16.53
ID1577190951,0,2,5,-37.8219252,144.93758269999998,-37.805408299999996,144.9346526,2848.0,2018-03-20,05:38:23,704.8800000000001,5:50:07,11.79
ID3656449781,1,7,3,-37.8618349,144.90571599999998,-37.8222038,144.975708,8232.0,2018-02-28,03:24:20,2784.1199999999994,4:10:44,29.15
ID3152057186,1,9,8,-38.1109156,144.65417250000002,-37.8158343,145.04645,51032.0,2018-07-24,19:38:29,12681.060000000005,23:09:50,71.89
ID5327079309,2,1,7,-37.8050141,144.9567856,-37.8618349,144.90571599999998,9330.0,2018-07-06,03:42:18,3123.6,4:34:21,209.6
ID5752547962,2,9,8,-38.1109156,144.65417250000002,-37.8158343,145.04645,51032.0,2018-05-19,02:02:31,12681.060000000005,5:33:52,773.68
ID3335357953,1,2,7,-37.810713,144.938994,-37.8618349,144.90571599999998,10259.0,2018-06-22,04:58:28,3357.0,5:54:25,32.73
ID3667950637,1,4,2,-37.799392600000004,145.0053525,-37.814916499999995,144.9272684,9091.0,2018-02-23,20:02:43,2363.879999999999,20:42:06,21.92
ID5805237780,2,8,9,-37.807202000000004,145.0266373,-38.1109156,144.65417250000002,49777.0,2018-01-27,02:13:42,12069.78,5:34:51,737.98
ID5982535145,2,5,8,-37.8114421,144.92733069999997,-37.807202000000004,145.0266373,9759.0,2018-02-27,19:29:54,2509.86,20:11:43,166.4
ID1945129007,0,6,4,-37.7907967,144.985865,-37.811254,145.00366640000001,3877.0,2018-01-07,01:40:27,1093.56,1:58:40,16.96
ID5254877075,2,5,4,-37.8129005,144.9298785,-37.8108985,144.9966202,6985.0,2018-04-15,00:04:33,1813.14,0:34:46,141.8
ID3298199214,1,3,2,-37.8214608,144.97797130000004,-37.8209928,144.94744369999998,3180.0,2018-07-09,08:56:43,777.6600000000003,9:09:40,8.05
ID3433527554,1,3,7,-37.8202141,144.9825186,-37.8618349,144.90571599999998,9114.0,2018-02-07,05:58:32,3014.76,6:48:46,30.65
ID1763440348,0,7,2,-37.8618349,144.90571599999998,-37.811480700000004,144.93783190000002,10364.0,2018-07-10,00:07:30,3389.099999999999,1:03:59,16.73
ID1126579017,0,2,5,-37.8196513,144.9441873,-37.799722499999994,144.93749540000002,5229.0,2018-07-20,19:05:08,1235.2799999999995,19:25:43,6.93
ID3713156466,1,3,7,-37.8083996,144.9940322,-37.8618349,144.90571599999998,10652.0,2018-01-09,18:35:23,3514.98,19:33:57,27.16
ID1992409591,0,6,9,-37.7738026,144.98364660000001,-38.1109156,144.65417250000002,51061.0,2018-02-14,05:59:03,12976.499999999995,9:35:19,35.43
ID1129809975,0,2,9,-37.824593,144.9296182,-38.1109156,144.65417250000002,48913.0,2018-07-24,18:27:08,11747.04,21:42:55,27.86
ID1141636001,0,2,8,-37.8173862,144.94593830000002,-37.8158343,145.04645,9395.0,2018-03-23,07:37:00,2657.46,8:21:17,7.74
ID3715062166,1,4,7,-37.8057988,144.9947996,-37.8618349,144.90571599999998,11029.0,2018-07-27,21:12:47,3631.08,22:13:18,34.14
ID3784144457,1,1,9,-37.8061689,144.941645,-38.1109156,144.65417250000002,43109.0,2018-07-26,12:14:11,10333.08,15:06:24,61.91
ID3314099712,1,5,8,-37.7946969,144.9361619,-37.8158343,145.04645,10535.0,2018-04-16,02:07:03,2913.360000000001,2:55:36,31.28
ID3368500852,1,3,6,-37.810602,145.00082680000003,-37.7907967,144.985865,3444.0,2018-02-01,00:02:57,970.38,0:19:07,20.63
ID3502909283,1,6,8,-37.7738026,144.98364660000001,-37.8158343,145.04645,13562.0,2018-01-27,17:09:26,4213.56,18:19:39,34.26
ID5461218312,2,1,9,-37.8090045,144.9352188,-38.1109156,144.65417250000002,44223.0,2018-05-14,04:34:36,10593.839999999998,7:31:09,642.78
ID3915694801,1,3,8,-37.8208086,144.9850873,-37.8158343,145.04645,6395.0,2018-01-17,22:11:45,1946.52,22:44:11,26.35
ID3627752297,1,3,9,-37.81127,145.0019469,-38.1109156,144.65417250000002,47069.0,2018-03-05,16:25:14,11268.9,19:33:02,65.47
ID1973884143,0,4,2,-37.7993649,144.99296950000002,-37.8213625,144.94906569999998,5425.0,2018-05-12,16:09:44,1537.5600000000004,16:35:21,12.4
ID1765937258,0,1,3,-37.807685600000006,144.970857,-37.8124985,144.97290880000003,626.0,2018-01-13,10:55:55,165.23999999999995,10:58:40,7.94
ID1888916968,0,8,2,-37.8158343,145.04645,-37.8129456,144.939304,9783.0,2018-06-20,11:01:39,2773.799999999999,11:47:52,9.42
ID1878059996,0,2,4,-37.8104326,144.9242474,-37.803419,144.9914904,6885.0,2018-06-15,12:54:39,1796.6399999999994,13:24:35,9.57
ID1495143976,0,7,1,-37.8618349,144.90571599999998,-37.8005779,144.9714374,10062.0,2018-02-13,17:51:51,3319.799999999999,18:47:10,13.55
ID1599403349,0,6,1,-37.7907967,144.985865,-37.820938399999996,144.95603400000002,5071.0,2018-04-21,08:53:36,1383.7200000000007,9:16:39,10.96
ID1212197824,0,4,1,-37.8167272,145.0089124,-37.8083721,144.95849030000002,5038.0,2018-04-07,01:49:42,1238.9399999999996,2:10:20,16.25
ID3276591658,1,2,1,-37.8222909,144.9498048,-37.814845899999995,144.9375409,1831.0,2018-05-02,01:40:18,471.6,1:48:09,17.93
ID3944286929,1,2,7,-37.818102200000006,144.94857290000002,-37.8618349,144.90571599999998,9046.0,2018-01-23,06:09:35,3069.42,7:00:44,19.04
ID5359134387,2,6,7,-37.7738026,144.98364660000001,-37.8618349,144.90571599999998,16033.0,2018-06-03,00:20:36,5323.559999999999,1:49:19,343.91
ID1736883108,0,6,9,-37.7738026,144.98364660000001,-38.1109156,144.65417250000002,51061.0,2018-05-03,10:08:14,12976.499999999995,13:44:30,26.28
ID5978028621,2,8,3,-37.8158343,145.04645,-37.8195214,144.9697262,8094.0,2018-07-17,04:46:24,2302.5,5:24:46,162.78
ID1571711698,0,9,4,-38.1109156,144.65417250000002,-37.8111801,145.0070987,47535.0,2018-06-19,09:44:17,11485.560000000005,12:55:42,24.52
ID5115825775,2,5,8,-37.8119041,144.93608740000002,-37.8158343,145.04645,10096.0,2018-07-12,14:27:21,2837.88,15:14:38,186.43
ID3600378185,1,6,7,-37.7907967,144.985865,-37.8618349,144.90571599999998,11711.0,2018-02-02,10:02:58,3866.9400000000014,11:07:24,24.27
ID5853371410,2,7,3,-37.8618349,144.90571599999998,-37.824327600000004,144.97310990000003,8343.0,2018-01-12,14:46:26,2830.5599999999986,15:33:36,184.74
ID3186861121,1,1,3,-37.814590700000004,144.9718229,-37.8245676,144.9890104,1948.0,2018-01-14,12:59:12,449.63999999999993,13:06:41,18.91
ID3176523087,1,2,3,-37.8174518,144.9456628,-37.8087173,144.98260530000002,3762.0,2018-04-11,07:52:40,968.6999999999997,8:08:48,9.65
ID3927883586,1,4,9,-37.8042708,145.01116059999998,-38.1109156,144.65417250000002,48447.0,2018-07-19,01:49:57,11756.579999999998,5:05:53,73.59
ID1188326637,0,3,4,-37.8152136,145.00598069999998,-37.8003651,144.9984285,2417.0,2018-04-24,01:20:22,606.7800000000002,1:30:28,10.49
ID3226487488,1,9,2,-38.1109156,144.65417250000002,-37.8140484,144.9379666,42872.0,2018-04-20,20:21:54,10272.959999999994,23:13:06,60.86
ID3835434089,1,1,3,-37.816168,144.9723726,-37.8176167,144.9708124,894.0,2018-03-02,18:47:14,216.66000000000003,18:50:50,12.44
ID1704733954,0,6,1,-37.7738026,144.98364660000001,-37.8182242,144.9642994,8570.0,2018-03-22,06:39:14,2677.2599999999984,7:23:51,8.55
ID3114590478,1,1,4,-37.797346399999995,144.9689413,-37.804185100000005,145.0108945,4395.0,2018-04-15,03:27:40,1150.8600000000004,3:46:50,25.33
ID1583878027,0,7,3,-37.8618349,144.90571599999998,-37.8217584,144.9811986,8703.0,2018-01-17,03:24:06,2913.1199999999994,4:12:39,15.8
ID1747533173,0,2,3,-37.8100335,144.93596000000002,-37.816332200000005,144.9781334,4403.0,2018-02-05,21:07:59,1050.24,21:25:29,10.77
ID1228628472,0,6,2,-37.7874325,144.9803767,-37.8137929,144.9421197,5516.0,2018-05-21,10:17:54,1393.14,10:41:07,4.73
ID3328198723,1,2,6,-37.8240968,144.9307186,-37.7874325,144.9803767,7805.0,2018-01-16,20:16:56,1912.8000000000006,20:48:48,18.53
ID1186832738,0,6,2,-37.7874421,144.9804091,-37.81347720000001,144.9409691,5515.0,2018-06-04,00:58:21,1385.9999999999993,1:21:27,12.93
ID1585736437,0,3,7,-37.8254576,144.97630049999998,-37.8618349,144.90571599999998,8421.0,2018-02-22,09:24:59,2819.46,10:11:58,9.59
ID1954602002,0,6,5,-37.7738026,144.98364660000001,-37.801840000000006,144.9287179,10648.0,2018-01-03,11:34:40,3294.7199999999993,12:29:34,11.67
ID1215975995,0,5,9,-37.808456400000004,144.93822169999999,-38.1109156,144.65417250000002,43119.0,2018-05-08,14:19:45,10341.72,17:12:06,25.71
